561,"Touring-1000 Yellow, 46",Yellow,2384.07
562,"Touring-1000 Yellow, 50",Yellow,2384.07
563,"Touring-1000 Yellow, 54",Yellow,2384.07
564,"Touring-1000 Yellow, 60",Yellow,2384.07
580,"Road-350-W Yellow, 40",Yellow,1700.99
581,"Road-350-W Yellow, 42",Yellow,1700.99
582,"Road-350-W Yellow, 44",Yellow,1700.99
583,"Road-350-W Yellow, 48",Yellow,1700.99
382,"Road-550-W Yellow, 38",Yellow,1120.49
384,"Road-550-W Yellow, 40",Yellow,1120.49
386,"Road-550-W Yellow, 42",Yellow,1120.49
388,"Road-550-W Yellow, 44",Yellow,1120.49
390,"Road-550-W Yellow, 48",Yellow,1120.49
492,"HL Touring Frame - Yellow, 60",Yellow,1003.91
494,"HL Touring Frame - Yellow, 46",Yellow,1003.91
495,"HL Touring Frame - Yellow, 50",Yellow,1003.91
496,"HL Touring Frame - Yellow, 54",Yellow,1003.91
389,"Road-550-W Yellow, 48",Yellow,1000.4375
387,"Road-550-W Yellow, 44",Yellow,1000.4375
385,"Road-550-W Yellow, 42",Yellow,1000.4375
383,"Road-550-W Yellow, 40",Yellow,1000.4375
381,"Road-550-W Yellow, 38",Yellow,1000.4375
568,"Touring-3000 Yellow, 44",Yellow,742.35
569,"Touring-3000 Yellow, 50",Yellow,742.35
570,"Touring-3000 Yellow, 54",Yellow,742.35
571,"Touring-3000 Yellow, 58",Yellow,742.35
572,"Touring-3000 Yellow, 62",Yellow,742.35
418,"ML Road Frame-W - Yellow, 38",Yellow,594.83
430,"ML Road Frame-W - Yellow, 40",Yellow,594.83
432,"ML Road Frame-W - Yellow, 42",Yellow,594.83
434,"ML Road Frame-W - Yellow, 44",Yellow,594.83
436,"ML Road Frame-W - Yellow, 48",Yellow,594.83
435,"ML Road Frame-W - Yellow, 48",Yellow,540.7545
433,"ML Road Frame-W - Yellow, 44",Yellow,540.7545
431,"ML Road Frame-W - Yellow, 42",Yellow,540.7545
429,"ML Road Frame-W - Yellow, 40",Yellow,540.7545
417,"ML Road Frame-W - Yellow, 38",Yellow,540.7545
493,"LL Touring Frame - Yellow, 62",Yellow,333.42
506,"LL Touring Frame - Yellow, 44",Yellow,333.42
507,"LL Touring Frame - Yellow, 50",Yellow,333.42
508,"LL Touring Frame - Yellow, 54",Yellow,333.42
509,"LL Touring Frame - Yellow, 58",Yellow,333.42
488,"Short-Sleeve Classic Jersey, S",Yellow,53.99
489,"Short-Sleeve Classic Jersey, M",Yellow,53.99
490,"Short-Sleeve Classic Jersey, L",Yellow,53.99
491,"Short-Sleeve Classic Jersey, XL",Yellow,53.99
218,"Mountain Bike Socks, M",White,9.50
219,"Mountain Bike Socks, L",White,9.50
481,"Racing Socks, M",White,8.99
482,"Racing Socks, L",White,8.99
547,HL Road Pedal,Silver/Black,80.99
548,Touring Pedal,Silver/Black,80.99
544,HL Mountain Pedal,Silver/Black,80.99
543,ML Mountain Pedal,Silver/Black,62.09
546,ML Road Pedal,Silver/Black,62.09
542,LL Mountain Pedal,Silver/Black,40.49
545,LL Road Pedal,Silver/Black,40.49
344,"Mountain-100 Silver, 38",Silver,3399.99
345,"Mountain-100 Silver, 42",Silver,3399.99
346,"Mountain-100 Silver, 44",Silver,3399.99
347,"Mountain-100 Silver, 48",Silver,3399.99
353,"Mountain-200 Silver, 38",Silver,2319.99
355,"Mountain-200 Silver, 42",Silver,2319.99
357,"Mountain-200 Silver, 46",Silver,2319.99
356,"Mountain-200 Silver, 46",Silver,2071.4196
354,"Mountain-200 Silver, 42",Silver,2071.4196
352,"Mountain-200 Silver, 38",Silver,2071.4196
290,"HL Mountain Frame - Silver, 42",Silver,1364.50
291,"HL Mountain Frame - Silver, 44",Silver,1364.50
292,"HL Mountain Frame - Silver, 48",Silver,1364.50
295,"HL Mountain Frame - Silver, 46",Silver,1364.50
309,"HL Mountain Frame - Silver, 38",Silver,1364.50
308,"HL Mountain Frame - Silver, 38",Silver,1240.4545
289,"HL Mountain Frame - Silver, 42",Silver,1240.4545
294,"HL Mountain Frame - Silver, 46",Silver,1240.4545
293,"HL Mountain Frame - Silver, 46",Silver,1204.3248
288,"HL Mountain Frame - Silver, 42",Silver,1204.3248
307,"HL Mountain Frame - Silver, 38",Silver,1204.3248
587,"Mountain-400-W Silver, 38",Silver,769.49
588,"Mountain-400-W Silver, 40",Silver,769.49
589,"Mountain-400-W Silver, 42",Silver,769.49
590,"Mountain-400-W Silver, 46",Silver,769.49
591,"Mountain-500 Silver, 40",Silver,564.99
592,"Mountain-500 Silver, 42",Silver,564.99
593,"Mountain-500 Silver, 44",Silver,564.99
594,"Mountain-500 Silver, 48",Silver,564.99
595,"Mountain-500 Silver, 52",Silver,564.99
549,"ML Mountain Frame-W - Silver, 38",Silver,364.09
511,"ML Mountain Frame-W - Silver, 40",Silver,364.09
512,"ML Mountain Frame-W - Silver, 42",Silver,364.09
513,"ML Mountain Frame-W - Silver, 46",Silver,364.09
524,"LL Mountain Frame - Silver, 42",Silver,264.05
525,"LL Mountain Frame - Silver, 44",Silver,264.05
526,"LL Mountain Frame - Silver, 48",Silver,264.05
527,"LL Mountain Frame - Silver, 52",Silver,264.05
551,"LL Mountain Frame - Silver, 40",Silver,264.05
501,Rear Derailleur,Silver,121.46
514,Rear Brakes,Silver,106.50
555,Front Brakes,Silver,106.50
552,Front Derailleur,Silver,91.49
487,Hydration Pack - 70 oz.,Silver,54.99
559,Chain,Silver,20.24
21,Freewheel,Silver,NULL
9,Chainring Bolts,Silver,NULL
10,Chainring Nut,Silver,NULL
209,Rear Derailleur Cage,Silver,NULL
32,Front Derailleur Cage,Silver,NULL
33,Front Derailleur Linkage,Silver,NULL
140,Lock Ring,Silver,NULL
310,"Road-150 Red, 62",Red,3578.27
311,"Road-150 Red, 44",Red,3578.27
312,"Road-150 Red, 48",Red,3578.27
313,"Road-150 Red, 52",Red,3578.27
314,"Road-150 Red, 56",Red,3578.27
368,"Road-250 Red, 44",Red,2443.35
369,"Road-250 Red, 48",Red,2443.35
370,"Road-250 Red, 52",Red,2443.35
372,"Road-250 Red, 58",Red,2443.35
371,"Road-250 Red, 58",Red,2181.5625
315,"Road-450 Red, 58",Red,1457.99
316,"Road-450 Red, 60",Red,1457.99
317,"Road-450 Red, 44",Red,1457.99
318,"Road-450 Red, 48",Red,1457.99
319,"Road-450 Red, 52",Red,1457.99
252,"HL Road Frame - Red, 56",Red,1431.50
240,"HL Road Frame - Red, 62",Red,1431.50
243,"HL Road Frame - Red, 44",Red,1431.50
246,"HL Road Frame - Red, 48",Red,1431.50
249,"HL Road Frame - Red, 52",Red,1431.50
245,"HL Road Frame - Red, 48",Red,1301.3636
248,"HL Road Frame - Red, 52",Red,1301.3636
239,"HL Road Frame - Red, 62",Red,1301.3636
242,"HL Road Frame - Red, 44",Red,1301.3636
251,"HL Road Frame - Red, 56",Red,1301.3636
241,"HL Road Frame - Red, 44",Red,1263.4598
238,"HL Road Frame - Red, 62",Red,1263.4598
250,"HL Road Frame - Red, 56",Red,1263.4598
247,"HL Road Frame - Red, 52",Red,1263.4598
244,"HL Road Frame - Red, 48",Red,1263.4598
321,"Road-650 Red, 58",Red,782.99
323,"Road-650 Red, 60",Red,782.99
325,"Road-650 Red, 62",Red,782.99
327,"Road-650 Red, 44",Red,782.99
329,"Road-650 Red, 48",Red,782.99
331,"Road-650 Red, 52",Red,782.99
330,"Road-650 Red, 52",Red,699.0982
328,"Road-650 Red, 48",Red,699.0982
326,"Road-650 Red, 44",Red,699.0982
324,"Road-650 Red, 62",Red,699.0982
322,"Road-650 Red, 60",Red,699.0982
320,"Road-650 Red, 58",Red,699.0982
274,"ML Road Frame - Red, 44",Red,594.83
275,"ML Road Frame - Red, 48",Red,594.83
276,"ML Road Frame - Red, 52",Red,594.83
277,"ML Road Frame - Red, 58",Red,594.83
278,"ML Road Frame - Red, 60",Red,594.83
267,"LL Road Frame - Red, 52",Red,337.22
269,"LL Road Frame - Red, 58",Red,337.22
271,"LL Road Frame - Red, 60",Red,337.22
273,"LL Road Frame - Red, 62",Red,337.22
263,"LL Road Frame - Red, 44",Red,337.22
265,"LL Road Frame - Red, 48",Red,337.22
266,"LL Road Frame - Red, 52",Red,306.5636
264,"LL Road Frame - Red, 48",Red,306.5636
262,"LL Road Frame - Red, 44",Red,306.5636
272,"LL Road Frame - Red, 62",Red,306.5636
270,"LL Road Frame - Red, 60",Red,306.5636
268,"LL Road Frame - Red, 58",Red,306.5636
214,"Sport-100 Helmet, Red",Red,34.99
212,"Sport-100 Helmet, Red",Red,33.6442
213,"Sport-100 Helmet, Red",Red,33.6442
211,"HL Road Frame - Red, 58",Red,NULL
393,HL Fork,NA,229.49
392,ML Fork,NA,175.49
486,All-Purpose Bike Stand,NA,159.00
391,LL Fork,NA,148.22
396,HL Headset,NA,124.73
603,HL Bottom Bracket,NA,121.49
402,HL Mountain Handlebars,NA,120.27
408,HL Road Handlebars,NA,120.27
483,Hitch Rack - 4-Bike,NA,120.00
407,HL Road Handlebars,NA,109.3364
401,HL Mountain Handlebars,NA,109.3364
395,ML Headset,NA,102.29
602,ML Bottom Bracket,NA,101.24
554,HL Touring Handlebars,NA,91.57
400,ML Mountain Handlebars,NA,61.92
406,ML Road Handlebars,NA,61.92
405,ML Road Handlebars,NA,56.2909
399,ML Mountain Handlebars,NA,56.2909
601,LL Bottom Bracket,NA,53.99
523,HL Touring Seat/Saddle,NA,52.64
517,HL Mountain Seat/Saddle,NA,52.64
520,HL Road Seat/Saddle,NA,52.64
553,LL Touring Handlebars,NA,46.09
452,Headlights - Weatherproof,NA,44.99
398,LL Mountain Handlebars,NA,44.54
404,LL Road Handlebars,NA,44.54
403,LL Road Handlebars,NA,40.4909
397,LL Mountain Handlebars,NA,40.4909
519,ML Road Seat/Saddle,NA,39.14
522,ML Touring Seat/Saddle,NA,39.14
516,ML Mountain Seat/Saddle,NA,39.14
537,HL Mountain Tire,NA,35.00
451,Headlights - Dual-Beam,NA,34.99
394,LL Headset,NA,34.20
540,HL Road Tire,NA,32.60
536,ML Mountain Tire,NA,29.99
541,Touring Tire,NA,28.99
518,LL Road Seat/Saddle,NA,27.12
515,LL Mountain Seat/Saddle,NA,27.12
521,LL Touring Seat/Saddle,NA,27.12
447,Cable Lock,NA,25.00
449,Mountain Pump,NA,24.99
539,ML Road Tire,NA,24.99
535,LL Mountain Tire,NA,24.99
485,Fender Set - Mountain,NA,21.98
538,LL Road Tire,NA,21.49
448,Minipump,NA,19.99
450,Taillights - Battery-Powered,NA,13.99
478,Mountain Bottle Cage,NA,9.99
479,Road Bottle Cage,NA,8.99
484,Bike Wash - Dissolver,NA,7.95
477,Water Bottle - 30 oz.,NA,4.99
528,Mountain Tire Tube,NA,4.99
530,Touring Tire Tube,NA,4.99
529,Road Tire Tube,NA,3.99
480,Patch Kit/8 Patches,NA,2.29
22,Flat Washer 1,NA,NULL
23,Flat Washer 6,NA,NULL
24,Flat Washer 2,NA,NULL
25,Flat Washer 9,NA,NULL
26,Flat Washer 4,NA,NULL
27,Flat Washer 3,NA,NULL
28,Flat Washer 8,NA,NULL
29,Flat Washer 5,NA,NULL
30,Flat Washer 7,NA,NULL
31,Fork Crown,NA,NULL
1,Adjustable Race,NA,NULL
2,Bearing Ball,NA,NULL
3,BB Ball Bearing,NA,NULL
4,Headset Ball Bearings,NA,NULL
5,Blade,NA,NULL
12,Crown Race,NA,NULL
13,Chain Stays,NA,NULL
14,Decal 1,NA,NULL
15,Decal 2,NA,NULL
16,Down Tube,NA,NULL
17,Mountain End Caps,NA,NULL
18,Road End Caps,NA,NULL
19,Touring End Caps,NA,NULL
20,Fork End,NA,NULL
141,Lower Head Race,NA,NULL
142,Lock Washer 4,NA,NULL
143,Lock Washer 5,NA,NULL
144,Lock Washer 10,NA,NULL
145,Lock Washer 6,NA,NULL
146,Lock Washer 13,NA,NULL
147,Lock Washer 8,NA,NULL
148,Lock Washer 1,NA,NULL
149,Lock Washer 7,NA,NULL
150,Lock Washer 12,NA,NULL
151,Lock Washer 2,NA,NULL
152,Lock Washer 9,NA,NULL
153,Lock Washer 3,NA,NULL
154,Lock Washer 11,NA,NULL
155,Metal Angle,NA,NULL
156,Metal Bar 1,NA,NULL
157,Metal Bar 2,NA,NULL
158,Metal Plate 2,NA,NULL
159,Metal Plate 1,NA,NULL
160,Metal Plate 3,NA,NULL
161,Metal Sheet 2,NA,NULL
162,Metal Sheet 3,NA,NULL
163,Metal Sheet 7,NA,NULL
164,Metal Sheet 4,NA,NULL
165,Metal Sheet 5,NA,NULL
166,Metal Sheet 6,NA,NULL
167,Metal Sheet 1,NA,NULL
168,Metal Tread Plate,NA,NULL
169,LL Nipple,NA,NULL
170,HL Nipple,NA,NULL
171,Paint - Black,NA,NULL
172,Paint - Red,NA,NULL
173,Paint - Silver,NA,NULL
174,Paint - Blue,NA,NULL
175,Paint - Yellow,NA,NULL
176,Pinch Bolt,NA,NULL
177,Cup-Shaped Race,NA,NULL
178,Cone-Shaped Race,NA,NULL
179,Reflector,NA,NULL
180,LL Mountain Rim,NA,NULL
181,ML Mountain Rim,NA,NULL
182,HL Mountain Rim,NA,NULL
183,LL Road Rim,NA,NULL
184,ML Road Rim,NA,NULL
185,HL Road Rim,NA,NULL
186,Touring Rim,NA,NULL
187,LL Mountain Seat Assembly,NA,NULL
188,ML Mountain Seat Assembly,NA,NULL
189,HL Mountain Seat Assembly,NA,NULL
190,LL Road Seat Assembly,NA,NULL
191,ML Road Seat Assembly,NA,NULL
192,HL Road Seat Assembly,NA,NULL
193,LL Touring Seat Assembly,NA,NULL
194,ML Touring Seat Assembly,NA,NULL
195,HL Touring Seat Assembly,NA,NULL
196,LL Spindle/Axle,NA,NULL
197,HL Spindle/Axle,NA,NULL
198,LL Shell,NA,NULL
199,HL Shell,NA,NULL
200,Spokes,NA,NULL
201,Seat Lug,NA,NULL
202,Stem,NA,NULL
203,Seat Post,NA,NULL
204,Steerer,NA,NULL
205,Seat Stays,NA,NULL
206,Seat Tube,NA,NULL
207,Top Tube,NA,NULL
208,Tension Pulley,NA,NULL
34,Guide Pulley,NA,NULL
35,LL Grip Tape,NA,NULL
36,ML Grip Tape,NA,NULL
37,HL Grip Tape,NA,NULL
38,Thin-Jam Hex Nut 9,NA,NULL
39,Thin-Jam Hex Nut 10,NA,NULL
40,Thin-Jam Hex Nut 1,NA,NULL
41,Thin-Jam Hex Nut 2,NA,NULL
42,Thin-Jam Hex Nut 15,NA,NULL
43,Thin-Jam Hex Nut 16,NA,NULL
44,Thin-Jam Hex Nut 5,NA,NULL
45,Thin-Jam Hex Nut 6,NA,NULL
46,Thin-Jam Hex Nut 3,NA,NULL
47,Thin-Jam Hex Nut 4,NA,NULL
48,Thin-Jam Hex Nut 13,NA,NULL
49,Thin-Jam Hex Nut 14,NA,NULL
50,Thin-Jam Hex Nut 7,NA,NULL
51,Thin-Jam Hex Nut 8,NA,NULL
52,Thin-Jam Hex Nut 12,NA,NULL
53,Thin-Jam Hex Nut 11,NA,NULL
54,Hex Nut 5,NA,NULL
55,Hex Nut 6,NA,NULL
56,Hex Nut 16,NA,NULL
57,Hex Nut 17,NA,NULL
58,Hex Nut 7,NA,NULL
59,Hex Nut 8,NA,NULL
60,Hex Nut 9,NA,NULL
61,Hex Nut 22,NA,NULL
62,Hex Nut 23,NA,NULL
63,Hex Nut 12,NA,NULL
64,Hex Nut 13,NA,NULL
65,Hex Nut 1,NA,NULL
66,Hex Nut 10,NA,NULL
67,Hex Nut 11,NA,NULL
68,Hex Nut 2,NA,NULL
69,Hex Nut 20,NA,NULL
70,Hex Nut 21,NA,NULL
71,Hex Nut 3,NA,NULL
72,Hex Nut 14,NA,NULL
73,Hex Nut 15,NA,NULL
74,Hex Nut 4,NA,NULL
75,Hex Nut 18,NA,NULL
76,Hex Nut 19,NA,NULL
77,Handlebar Tube,NA,NULL
78,Head Tube,NA,NULL
79,LL Hub,NA,NULL
80,HL Hub,NA,NULL
81,Keyed Washer,NA,NULL
82,External Lock Washer 3,NA,NULL
83,External Lock Washer 4,NA,NULL
84,External Lock Washer 9,NA,NULL
85,External Lock Washer 5,NA,NULL
86,External Lock Washer 7,NA,NULL
87,External Lock Washer 6,NA,NULL
88,External Lock Washer 1,NA,NULL
89,External Lock Washer 8,NA,NULL
90,External Lock Washer 2,NA,NULL
91,Internal Lock Washer 3,NA,NULL
92,Internal Lock Washer 4,NA,NULL
93,Internal Lock Washer 9,NA,NULL
94,Internal Lock Washer 5,NA,NULL
95,Internal Lock Washer 7,NA,NULL
96,Internal Lock Washer 6,NA,NULL
97,Internal Lock Washer 10,NA,NULL
98,Internal Lock Washer 1,NA,NULL
99,Internal Lock Washer 8,NA,NULL
100,Internal Lock Washer 2,NA,NULL
101,Thin-Jam Lock Nut 9,NA,NULL
102,Thin-Jam Lock Nut 10,NA,NULL
103,Thin-Jam Lock Nut 1,NA,NULL
104,Thin-Jam Lock Nut 2,NA,NULL
105,Thin-Jam Lock Nut 15,NA,NULL
106,Thin-Jam Lock Nut 16,NA,NULL
107,Thin-Jam Lock Nut 5,NA,NULL
108,Thin-Jam Lock Nut 6,NA,NULL
109,Thin-Jam Lock Nut 3,NA,NULL
110,Thin-Jam Lock Nut 4,NA,NULL
111,Thin-Jam Lock Nut 13,NA,NULL
112,Thin-Jam Lock Nut 14,NA,NULL
113,Thin-Jam Lock Nut 7,NA,NULL
114,Thin-Jam Lock Nut 8,NA,NULL
115,Thin-Jam Lock Nut 12,NA,NULL
116,Thin-Jam Lock Nut 11,NA,NULL
117,Lock Nut 5,NA,NULL
118,Lock Nut 6,NA,NULL
119,Lock Nut 16,NA,NULL
120,Lock Nut 17,NA,NULL
121,Lock Nut 7,NA,NULL
122,Lock Nut 8,NA,NULL
123,Lock Nut 9,NA,NULL
124,Lock Nut 22,NA,NULL
125,Lock Nut 23,NA,NULL
126,Lock Nut 12,NA,NULL
127,Lock Nut 13,NA,NULL
128,Lock Nut 1,NA,NULL
129,Lock Nut 10,NA,NULL
130,Lock Nut 11,NA,NULL
131,Lock Nut 2,NA,NULL
132,Lock Nut 20,NA,NULL
133,Lock Nut 21,NA,NULL
134,Lock Nut 3,NA,NULL
135,Lock Nut 14,NA,NULL
136,Lock Nut 15,NA,NULL
137,Lock Nut 4,NA,NULL
138,Lock Nut 19,NA,NULL
139,Lock Nut 18,NA,NULL
459,"Men's Bib-Shorts, S",Multi,89.99
460,"Men's Bib-Shorts, M",Multi,89.99
461,"Men's Bib-Shorts, L",Multi,89.99
228,"Long-Sleeve Logo Jersey, S",Multi,49.99
231,"Long-Sleeve Logo Jersey, M",Multi,49.99
237,"Long-Sleeve Logo Jersey, XL",Multi,49.99
234,"Long-Sleeve Logo Jersey, L",Multi,49.99
235,"Long-Sleeve Logo Jersey, XL",Multi,48.0673
236,"Long-Sleeve Logo Jersey, XL",Multi,48.0673
232,"Long-Sleeve Logo Jersey, L",Multi,48.0673
233,"Long-Sleeve Logo Jersey, L",Multi,48.0673
229,"Long-Sleeve Logo Jersey, M",Multi,48.0673
230,"Long-Sleeve Logo Jersey, M",Multi,48.0673
226,"Long-Sleeve Logo Jersey, S",Multi,48.0673
227,"Long-Sleeve Logo Jersey, S",Multi,48.0673
225,AWC Logo Cap,Multi,8.99
223,AWC Logo Cap,Multi,8.6442
224,AWC Logo Cap,Multi,8.6442
446,"Touring-Panniers, Large",Grey,125.00
573,"Touring-1000 Blue, 46",Blue,2384.07
574,"Touring-1000 Blue, 50",Blue,2384.07
575,"Touring-1000 Blue, 54",Blue,2384.07
576,"Touring-1000 Blue, 60",Blue,2384.07
577,"Touring-2000 Blue, 46",Blue,1214.85
578,"Touring-2000 Blue, 50",Blue,1214.85
579,"Touring-2000 Blue, 54",Blue,1214.85
560,"Touring-2000 Blue, 60",Blue,1214.85
497,"HL Touring Frame - Blue, 46",Blue,1003.91
498,"HL Touring Frame - Blue, 50",Blue,1003.91
499,"HL Touring Frame - Blue, 54",Blue,1003.91
500,"HL Touring Frame - Blue, 60",Blue,1003.91
585,"Touring-3000 Blue, 44",Blue,742.35
586,"Touring-3000 Blue, 50",Blue,742.35
565,"Touring-3000 Blue, 54",Blue,742.35
566,"Touring-3000 Blue, 58",Blue,742.35
567,"Touring-3000 Blue, 62",Blue,742.35
502,"LL Touring Frame - Blue, 50",Blue,333.42
503,"LL Touring Frame - Blue, 54",Blue,333.42
504,"LL Touring Frame - Blue, 58",Blue,333.42
505,"LL Touring Frame - Blue, 62",Blue,333.42
510,"LL Touring Frame - Blue, 44",Blue,333.42
471,"Classic Vest, S",Blue,63.50
472,"Classic Vest, M",Blue,63.50
473,"Classic Vest, L",Blue,63.50
222,"Sport-100 Helmet, Blue",Blue,34.99
220,"Sport-100 Helmet, Blue",Blue,33.6442
221,"Sport-100 Helmet, Blue",Blue,33.6442
348,"Mountain-100 Black, 38",Black,3374.99
349,"Mountain-100 Black, 42",Black,3374.99
350,"Mountain-100 Black, 44",Black,3374.99
351,"Mountain-100 Black, 48",Black,3374.99
374,"Road-250 Black, 44",Black,2443.35
376,"Road-250 Black, 48",Black,2443.35
380,"Road-250 Black, 58",Black,2443.35
378,"Road-250 Black, 52",Black,2443.35
361,"Mountain-200 Black, 42",Black,2294.99
363,"Mountain-200 Black, 46",Black,2294.99
359,"Mountain-200 Black, 38",Black,2294.99
373,"Road-250 Black, 44",Black,2181.5625
377,"Road-250 Black, 52",Black,2181.5625
375,"Road-250 Black, 48",Black,2181.5625
379,"Road-250 Black, 58",Black,2181.5625
362,"Mountain-200 Black, 46",Black,2049.0982
360,"Mountain-200 Black, 42",Black,2049.0982
358,"Mountain-200 Black, 38",Black,2049.0982
444,"HL Road Frame - Black, 52",Black,1431.50
438,"HL Road Frame - Black, 62",Black,1431.50
440,"HL Road Frame - Black, 44",Black,1431.50
442,"HL Road Frame - Black, 48",Black,1431.50
306,"HL Mountain Frame - Black, 38",Black,1349.60
303,"HL Mountain Frame - Black, 46",Black,1349.60
298,"HL Mountain Frame - Black, 42",Black,1349.60
299,"HL Mountain Frame - Black, 44",Black,1349.60
300,"HL Mountain Frame - Black, 48",Black,1349.60
443,"HL Road Frame - Black, 52",Black,1301.3636
441,"HL Road Frame - Black, 48",Black,1301.3636
439,"HL Road Frame - Black, 44",Black,1301.3636
437,"HL Road Frame - Black, 62",Black,1301.3636
297,"HL Mountain Frame - Black, 42",Black,1226.9091
302,"HL Mountain Frame - Black, 46",Black,1226.9091
305,"HL Mountain Frame - Black, 38",Black,1226.9091
304,"HL Mountain Frame - Black, 38",Black,1191.1739
301,"HL Mountain Frame - Black, 46",Black,1191.1739
296,"HL Mountain Frame - Black, 42",Black,1191.1739
364,"Mountain-300 Black, 38",Black,1079.99
365,"Mountain-300 Black, 40",Black,1079.99
366,"Mountain-300 Black, 44",Black,1079.99
367,"Mountain-300 Black, 48",Black,1079.99
343,"Road-650 Black, 52",Black,782.99
341,"Road-650 Black, 48",Black,782.99
337,"Road-650 Black, 62",Black,782.99
339,"Road-650 Black, 44",Black,782.99
333,"Road-650 Black, 58",Black,782.99
335,"Road-650 Black, 60",Black,782.99
336,"Road-650 Black, 62",Black,699.0982
334,"Road-650 Black, 60",Black,699.0982
332,"Road-650 Black, 58",Black,699.0982
340,"Road-650 Black, 48",Black,699.0982
338,"Road-650 Black, 44",Black,699.0982
342,"Road-650 Black, 52",Black,699.0982
584,"Road-750 Black, 58",Black,539.99
604,"Road-750 Black, 44",Black,539.99
605,"Road-750 Black, 48",Black,539.99
606,"Road-750 Black, 52",Black,539.99
596,"Mountain-500 Black, 40",Black,539.99
597,"Mountain-500 Black, 42",Black,539.99
598,"Mountain-500 Black, 44",Black,539.99
599,"Mountain-500 Black, 48",Black,539.99
600,"Mountain-500 Black, 52",Black,539.99
558,HL Crankset,Black,404.99
424,HL Road Rear Wheel,Black,357.06
426,"ML Mountain Frame - Black, 40",Black,348.76
427,"ML Mountain Frame - Black, 44",Black,348.76
428,"ML Mountain Frame - Black, 48",Black,348.76
409,"ML Mountain Frame - Black, 38",Black,348.76
287,"LL Road Frame - Black, 52",Black,337.22
281,"LL Road Frame - Black, 44",Black,337.22
284,"LL Road Frame - Black, 48",Black,337.22
261,"LL Road Frame - Black, 62",Black,337.22
255,"LL Road Frame - Black, 58",Black,337.22
258,"LL Road Frame - Black, 60",Black,337.22
415,HL Road Front Wheel,Black,330.06
421,HL Mountain Rear Wheel,Black,327.215
254,"LL Road Frame - Black, 58",Black,306.5636
257,"LL Road Frame - Black, 60",Black,306.5636
260,"LL Road Frame - Black, 62",Black,306.5636
280,"LL Road Frame - Black, 44",Black,306.5636
283,"LL Road Frame - Black, 48",Black,306.5636
286,"LL Road Frame - Black, 52",Black,306.5636
412,HL Mountain Front Wheel,Black,300.215
285,"LL Road Frame - Black, 52",Black,297.6346
282,"LL Road Frame - Black, 48",Black,297.6346
279,"LL Road Frame - Black, 44",Black,297.6346
253,"LL Road Frame - Black, 58",Black,297.6346
259,"LL Road Frame - Black, 62",Black,297.6346
256,"LL Road Frame - Black, 60",Black,297.6346
423,ML Road Rear Wheel,Black,275.385
557,ML Crankset,Black,256.49
550,"LL Mountain Frame - Black, 40",Black,249.79
531,"LL Mountain Frame - Black, 42",Black,249.79
532,"LL Mountain Frame - Black, 44",Black,249.79
533,"LL Mountain Frame - Black, 48",Black,249.79
534,"LL Mountain Frame - Black, 52",Black,249.79
414,ML Road Front Wheel,Black,248.385
425,Touring Rear Wheel,Black,245.01
420,ML Mountain Rear Wheel,Black,236.025
416,Touring Front Wheel,Black,218.01
411,ML Mountain Front Wheel,Black,209.025
556,LL Crankset,Black,175.49
422,LL Road Rear Wheel,Black,112.565
419,LL Mountain Rear Wheel,Black,87.745
413,LL Road Front Wheel,Black,85.565
456,"Women's Tights, S",Black,74.99
457,"Women's Tights, M",Black,74.99
458,"Women's Tights, L",Black,74.99
474,"Women's Mountain Shorts, S",Black,69.99
475,"Women's Mountain Shorts, M",Black,69.99
476,"Women's Mountain Shorts, L",Black,69.99
410,LL Mountain Front Wheel,Black,60.745
445,"Men's Sports Shorts, S",Black,59.99
453,"Men's Sports Shorts, M",Black,59.99
454,"Men's Sports Shorts, L",Black,59.99
455,"Men's Sports Shorts, XL",Black,59.99
468,"Full-Finger Gloves, S",Black,37.99
469,"Full-Finger Gloves, M",Black,37.99
470,"Full-Finger Gloves, L",Black,37.99
217,"Sport-100 Helmet, Black",Black,34.99
215,"Sport-100 Helmet, Black",Black,33.6442
216,"Sport-100 Helmet, Black",Black,33.6442
465,"Half-Finger Gloves, M",Black,24.49
463,"Half-Finger Gloves, S",Black,24.49
467,"Half-Finger Gloves, L",Black,24.49
464,"Half-Finger Gloves, M",Black,23.5481
466,"Half-Finger Gloves, L",Black,23.5481
462,"Half-Finger Gloves, S",Black,23.5481
210,"HL Road Frame - Black, 58",Black,NULL
11,Chainring,Black,NULL
6,LL Crankarm,Black,NULL
7,ML Crankarm,Black,NULL
8,HL Crankarm,Black,NULL
